{
  "timestamp": "2026-01-06T20:49:56.363Z",
  "validationResults": {
    "file_size_limit_300_lines": {
      "retention": 0.9899999994791667,
      "consolidationStrength": 1,
      "protection": 0.9899999994791667,
      "status": "protected"
    },
    "test_before_commit": {
      "retention": 0.9899999994791667,
      "consolidationStrength": 1,
      "protection": 0.9899999994791667,
      "status": "protected"
    },
    "conventional_commits": {
      "retention": 0.9899999994791667,
      "consolidationStrength": 1,
      "protection": 0.9899999994791667,
      "status": "protected"
    },
    "functional_programming": {
      "retention": 0.9899999994791667,
      "consolidationStrength": 1,
      "protection": 0.9899999994791667,
      "status": "protected"
    }
  },
  "overallProtection": 1
}