{
  "timestamp": "2026-01-06T21:05:13.572Z",
  "metrics": {
    "total_versions": 2,
    "evolution_events": 1,
    "average_improvement": 0.1571868811817928,
    "evolution_velocity": 0,
    "stability_trend": 1,
    "user_impact": 0.04800000000000004
  }
}